{
    "r2_score": 0.8848545299962806,
    "mae": 0.10433912955896324,
    "mse": 0.02204612291527902
}